[
    {
        "model": "auth.permission",
        "pk": 1,
        "fields": {
            "name": "Can add permission",
            "content_type": 1,
            "codename": "add_permission"
        }
    },
    {
        "model": "auth.permission",
        "pk": 2,
        "fields": {
            "name": "Can change permission",
            "content_type": 1,
            "codename": "change_permission"
        }
    },
    {
        "model": "auth.permission",
        "pk": 3,
        "fields": {
            "name": "Can delete permission",
            "content_type": 1,
            "codename": "delete_permission"
        }
    },
    {
        "model": "auth.permission",
        "pk": 4,
        "fields": {
            "name": "Can view permission",
            "content_type": 1,
            "codename": "view_permission"
        }
    },
    {
        "model": "auth.permission",
        "pk": 5,
        "fields": {
            "name": "Can add group",
            "content_type": 2,
            "codename": "add_group"
        }
    },
    {
        "model": "auth.permission",
        "pk": 6,
        "fields": {
            "name": "Can change group",
            "content_type": 2,
            "codename": "change_group"
        }
    },
    {
        "model": "auth.permission",
        "pk": 7,
        "fields": {
            "name": "Can delete group",
            "content_type": 2,
            "codename": "delete_group"
        }
    },
    {
        "model": "auth.permission",
        "pk": 8,
        "fields": {
            "name": "Can view group",
            "content_type": 2,
            "codename": "view_group"
        }
    },
    {
        "model": "auth.permission",
        "pk": 9,
        "fields": {
            "name": "Can add user",
            "content_type": 3,
            "codename": "add_user"
        }
    },
    {
        "model": "auth.permission",
        "pk": 10,
        "fields": {
            "name": "Can change user",
            "content_type": 3,
            "codename": "change_user"
        }
    },
    {
        "model": "auth.permission",
        "pk": 11,
        "fields": {
            "name": "Can delete user",
            "content_type": 3,
            "codename": "delete_user"
        }
    },
    {
        "model": "auth.permission",
        "pk": 12,
        "fields": {
            "name": "Can view user",
            "content_type": 3,
            "codename": "view_user"
        }
    },
    {
        "model": "auth.permission",
        "pk": 13,
        "fields": {
            "name": "Can add content type",
            "content_type": 4,
            "codename": "add_contenttype"
        }
    },
    {
        "model": "auth.permission",
        "pk": 14,
        "fields": {
            "name": "Can change content type",
            "content_type": 4,
            "codename": "change_contenttype"
        }
    },
    {
        "model": "auth.permission",
        "pk": 15,
        "fields": {
            "name": "Can delete content type",
            "content_type": 4,
            "codename": "delete_contenttype"
        }
    },
    {
        "model": "auth.permission",
        "pk": 16,
        "fields": {
            "name": "Can view content type",
            "content_type": 4,
            "codename": "view_contenttype"
        }
    },
    {
        "model": "auth.permission",
        "pk": 17,
        "fields": {
            "name": "Can add session",
            "content_type": 5,
            "codename": "add_session"
        }
    },
    {
        "model": "auth.permission",
        "pk": 18,
        "fields": {
            "name": "Can change session",
            "content_type": 5,
            "codename": "change_session"
        }
    },
    {
        "model": "auth.permission",
        "pk": 19,
        "fields": {
            "name": "Can delete session",
            "content_type": 5,
            "codename": "delete_session"
        }
    },
    {
        "model": "auth.permission",
        "pk": 20,
        "fields": {
            "name": "Can view session",
            "content_type": 5,
            "codename": "view_session"
        }
    },
    {
        "model": "auth.permission",
        "pk": 21,
        "fields": {
            "name": "Can add site",
            "content_type": 6,
            "codename": "add_site"
        }
    },
    {
        "model": "auth.permission",
        "pk": 22,
        "fields": {
            "name": "Can change site",
            "content_type": 6,
            "codename": "change_site"
        }
    },
    {
        "model": "auth.permission",
        "pk": 23,
        "fields": {
            "name": "Can delete site",
            "content_type": 6,
            "codename": "delete_site"
        }
    },
    {
        "model": "auth.permission",
        "pk": 24,
        "fields": {
            "name": "Can view site",
            "content_type": 6,
            "codename": "view_site"
        }
    },
    {
        "model": "auth.permission",
        "pk": 25,
        "fields": {
            "name": "Can add log entry",
            "content_type": 7,
            "codename": "add_logentry"
        }
    },
    {
        "model": "auth.permission",
        "pk": 26,
        "fields": {
            "name": "Can change log entry",
            "content_type": 7,
            "codename": "change_logentry"
        }
    },
    {
        "model": "auth.permission",
        "pk": 27,
        "fields": {
            "name": "Can delete log entry",
            "content_type": 7,
            "codename": "delete_logentry"
        }
    },
    {
        "model": "auth.permission",
        "pk": 28,
        "fields": {
            "name": "Can view log entry",
            "content_type": 7,
            "codename": "view_logentry"
        }
    },
    {
        "model": "auth.permission",
        "pk": 29,
        "fields": {
            "name": "Can add Forum",
            "content_type": 8,
            "codename": "add_forum"
        }
    },
    {
        "model": "auth.permission",
        "pk": 30,
        "fields": {
            "name": "Can change Forum",
            "content_type": 8,
            "codename": "change_forum"
        }
    },
    {
        "model": "auth.permission",
        "pk": 31,
        "fields": {
            "name": "Can delete Forum",
            "content_type": 8,
            "codename": "delete_forum"
        }
    },
    {
        "model": "auth.permission",
        "pk": 32,
        "fields": {
            "name": "Can view Forum",
            "content_type": 8,
            "codename": "view_forum"
        }
    },
    {
        "model": "auth.permission",
        "pk": 33,
        "fields": {
            "name": "Can add Post",
            "content_type": 9,
            "codename": "add_post"
        }
    },
    {
        "model": "auth.permission",
        "pk": 34,
        "fields": {
            "name": "Can change Post",
            "content_type": 9,
            "codename": "change_post"
        }
    },
    {
        "model": "auth.permission",
        "pk": 35,
        "fields": {
            "name": "Can delete Post",
            "content_type": 9,
            "codename": "delete_post"
        }
    },
    {
        "model": "auth.permission",
        "pk": 36,
        "fields": {
            "name": "Can view Post",
            "content_type": 9,
            "codename": "view_post"
        }
    },
    {
        "model": "auth.permission",
        "pk": 37,
        "fields": {
            "name": "Can add Topic",
            "content_type": 10,
            "codename": "add_topic"
        }
    },
    {
        "model": "auth.permission",
        "pk": 38,
        "fields": {
            "name": "Can change Topic",
            "content_type": 10,
            "codename": "change_topic"
        }
    },
    {
        "model": "auth.permission",
        "pk": 39,
        "fields": {
            "name": "Can delete Topic",
            "content_type": 10,
            "codename": "delete_topic"
        }
    },
    {
        "model": "auth.permission",
        "pk": 40,
        "fields": {
            "name": "Can view Topic",
            "content_type": 10,
            "codename": "view_topic"
        }
    },
    {
        "model": "auth.permission",
        "pk": 41,
        "fields": {
            "name": "Can add Attachment",
            "content_type": 11,
            "codename": "add_attachment"
        }
    },
    {
        "model": "auth.permission",
        "pk": 42,
        "fields": {
            "name": "Can change Attachment",
            "content_type": 11,
            "codename": "change_attachment"
        }
    },
    {
        "model": "auth.permission",
        "pk": 43,
        "fields": {
            "name": "Can delete Attachment",
            "content_type": 11,
            "codename": "delete_attachment"
        }
    },
    {
        "model": "auth.permission",
        "pk": 44,
        "fields": {
            "name": "Can view Attachment",
            "content_type": 11,
            "codename": "view_attachment"
        }
    },
    {
        "model": "auth.permission",
        "pk": 45,
        "fields": {
            "name": "Can add Topic poll",
            "content_type": 12,
            "codename": "add_topicpoll"
        }
    },
    {
        "model": "auth.permission",
        "pk": 46,
        "fields": {
            "name": "Can change Topic poll",
            "content_type": 12,
            "codename": "change_topicpoll"
        }
    },
    {
        "model": "auth.permission",
        "pk": 47,
        "fields": {
            "name": "Can delete Topic poll",
            "content_type": 12,
            "codename": "delete_topicpoll"
        }
    },
    {
        "model": "auth.permission",
        "pk": 48,
        "fields": {
            "name": "Can view Topic poll",
            "content_type": 12,
            "codename": "view_topicpoll"
        }
    },
    {
        "model": "auth.permission",
        "pk": 49,
        "fields": {
            "name": "Can add Topic poll option",
            "content_type": 13,
            "codename": "add_topicpolloption"
        }
    },
    {
        "model": "auth.permission",
        "pk": 50,
        "fields": {
            "name": "Can change Topic poll option",
            "content_type": 13,
            "codename": "change_topicpolloption"
        }
    },
    {
        "model": "auth.permission",
        "pk": 51,
        "fields": {
            "name": "Can delete Topic poll option",
            "content_type": 13,
            "codename": "delete_topicpolloption"
        }
    },
    {
        "model": "auth.permission",
        "pk": 52,
        "fields": {
            "name": "Can view Topic poll option",
            "content_type": 13,
            "codename": "view_topicpolloption"
        }
    },
    {
        "model": "auth.permission",
        "pk": 53,
        "fields": {
            "name": "Can add Topic poll vote",
            "content_type": 14,
            "codename": "add_topicpollvote"
        }
    },
    {
        "model": "auth.permission",
        "pk": 54,
        "fields": {
            "name": "Can change Topic poll vote",
            "content_type": 14,
            "codename": "change_topicpollvote"
        }
    },
    {
        "model": "auth.permission",
        "pk": 55,
        "fields": {
            "name": "Can delete Topic poll vote",
            "content_type": 14,
            "codename": "delete_topicpollvote"
        }
    },
    {
        "model": "auth.permission",
        "pk": 56,
        "fields": {
            "name": "Can view Topic poll vote",
            "content_type": 14,
            "codename": "view_topicpollvote"
        }
    },
    {
        "model": "auth.permission",
        "pk": 57,
        "fields": {
            "name": "Can add Forum track",
            "content_type": 15,
            "codename": "add_forumreadtrack"
        }
    },
    {
        "model": "auth.permission",
        "pk": 58,
        "fields": {
            "name": "Can change Forum track",
            "content_type": 15,
            "codename": "change_forumreadtrack"
        }
    },
    {
        "model": "auth.permission",
        "pk": 59,
        "fields": {
            "name": "Can delete Forum track",
            "content_type": 15,
            "codename": "delete_forumreadtrack"
        }
    },
    {
        "model": "auth.permission",
        "pk": 60,
        "fields": {
            "name": "Can view Forum track",
            "content_type": 15,
            "codename": "view_forumreadtrack"
        }
    },
    {
        "model": "auth.permission",
        "pk": 61,
        "fields": {
            "name": "Can add Topic track",
            "content_type": 16,
            "codename": "add_topicreadtrack"
        }
    },
    {
        "model": "auth.permission",
        "pk": 62,
        "fields": {
            "name": "Can change Topic track",
            "content_type": 16,
            "codename": "change_topicreadtrack"
        }
    },
    {
        "model": "auth.permission",
        "pk": 63,
        "fields": {
            "name": "Can delete Topic track",
            "content_type": 16,
            "codename": "delete_topicreadtrack"
        }
    },
    {
        "model": "auth.permission",
        "pk": 64,
        "fields": {
            "name": "Can view Topic track",
            "content_type": 16,
            "codename": "view_topicreadtrack"
        }
    },
    {
        "model": "auth.permission",
        "pk": 65,
        "fields": {
            "name": "Can add Forum profile",
            "content_type": 17,
            "codename": "add_forumprofile"
        }
    },
    {
        "model": "auth.permission",
        "pk": 66,
        "fields": {
            "name": "Can change Forum profile",
            "content_type": 17,
            "codename": "change_forumprofile"
        }
    },
    {
        "model": "auth.permission",
        "pk": 67,
        "fields": {
            "name": "Can delete Forum profile",
            "content_type": 17,
            "codename": "delete_forumprofile"
        }
    },
    {
        "model": "auth.permission",
        "pk": 68,
        "fields": {
            "name": "Can view Forum profile",
            "content_type": 17,
            "codename": "view_forumprofile"
        }
    },
    {
        "model": "auth.permission",
        "pk": 69,
        "fields": {
            "name": "Can add Forum permission",
            "content_type": 18,
            "codename": "add_forumpermission"
        }
    },
    {
        "model": "auth.permission",
        "pk": 70,
        "fields": {
            "name": "Can change Forum permission",
            "content_type": 18,
            "codename": "change_forumpermission"
        }
    },
    {
        "model": "auth.permission",
        "pk": 71,
        "fields": {
            "name": "Can delete Forum permission",
            "content_type": 18,
            "codename": "delete_forumpermission"
        }
    },
    {
        "model": "auth.permission",
        "pk": 72,
        "fields": {
            "name": "Can view Forum permission",
            "content_type": 18,
            "codename": "view_forumpermission"
        }
    },
    {
        "model": "auth.permission",
        "pk": 73,
        "fields": {
            "name": "Can add Group forum permission",
            "content_type": 19,
            "codename": "add_groupforumpermission"
        }
    },
    {
        "model": "auth.permission",
        "pk": 74,
        "fields": {
            "name": "Can change Group forum permission",
            "content_type": 19,
            "codename": "change_groupforumpermission"
        }
    },
    {
        "model": "auth.permission",
        "pk": 75,
        "fields": {
            "name": "Can delete Group forum permission",
            "content_type": 19,
            "codename": "delete_groupforumpermission"
        }
    },
    {
        "model": "auth.permission",
        "pk": 76,
        "fields": {
            "name": "Can view Group forum permission",
            "content_type": 19,
            "codename": "view_groupforumpermission"
        }
    },
    {
        "model": "auth.permission",
        "pk": 77,
        "fields": {
            "name": "Can add User forum permission",
            "content_type": 20,
            "codename": "add_userforumpermission"
        }
    },
    {
        "model": "auth.permission",
        "pk": 78,
        "fields": {
            "name": "Can change User forum permission",
            "content_type": 20,
            "codename": "change_userforumpermission"
        }
    },
    {
        "model": "auth.permission",
        "pk": 79,
        "fields": {
            "name": "Can delete User forum permission",
            "content_type": 20,
            "codename": "delete_userforumpermission"
        }
    },
    {
        "model": "auth.permission",
        "pk": 80,
        "fields": {
            "name": "Can view User forum permission",
            "content_type": 20,
            "codename": "view_userforumpermission"
        }
    },
    {
        "model": "auth.user",
        "pk": 1,
        "fields": {
            "password": "pbkdf2_sha256$600000$wJBBeEjAyMZGyH0a5SEi7g$YYge+xVSWjnwjxpD5QvPavynCdh+lJt3ufLiu8VOV04=",
            "last_login": "2023-11-17T23:53:11.280Z",
            "is_superuser": true,
            "username": "admin",
            "first_name": "",
            "last_name": "",
            "email": "example@example.com",
            "is_staff": true,
            "is_active": true,
            "date_joined": "2023-11-13T20:16:54.100Z",
            "groups": [],
            "user_permissions": []
        }
    },
    {
        "model": "auth.user",
        "pk": 2,
        "fields": {
            "password": "pbkdf2_sha256$600000$kuEMhV917TxT1NfpmV6C72$eTQW5CkigwAa/Jk6FMLk4p7SAnxLjPGZISNNC5y7tPg=",
            "last_login": "2023-11-17T23:49:34.656Z",
            "is_superuser": false,
            "username": "SirSquirrel",
            "first_name": "",
            "last_name": "",
            "email": "sirsquirrel@example.com",
            "is_staff": false,
            "is_active": true,
            "date_joined": "2023-11-17T23:44:16.607Z",
            "groups": [],
            "user_permissions": []
        }
    },
    {
        "model": "contenttypes.contenttype",
        "pk": 1,
        "fields": {
            "app_label": "auth",
            "model": "permission"
        }
    },
    {
        "model": "contenttypes.contenttype",
        "pk": 2,
        "fields": {
            "app_label": "auth",
            "model": "group"
        }
    },
    {
        "model": "contenttypes.contenttype",
        "pk": 3,
        "fields": {
            "app_label": "auth",
            "model": "user"
        }
    },
    {
        "model": "contenttypes.contenttype",
        "pk": 4,
        "fields": {
            "app_label": "contenttypes",
            "model": "contenttype"
        }
    },
    {
        "model": "contenttypes.contenttype",
        "pk": 5,
        "fields": {
            "app_label": "sessions",
            "model": "session"
        }
    },
    {
        "model": "contenttypes.contenttype",
        "pk": 6,
        "fields": {
            "app_label": "sites",
            "model": "site"
        }
    },
    {
        "model": "contenttypes.contenttype",
        "pk": 7,
        "fields": {
            "app_label": "admin",
            "model": "logentry"
        }
    },
    {
        "model": "contenttypes.contenttype",
        "pk": 8,
        "fields": {
            "app_label": "forum",
            "model": "forum"
        }
    },
    {
        "model": "contenttypes.contenttype",
        "pk": 9,
        "fields": {
            "app_label": "forum_conversation",
            "model": "post"
        }
    },
    {
        "model": "contenttypes.contenttype",
        "pk": 10,
        "fields": {
            "app_label": "forum_conversation",
            "model": "topic"
        }
    },
    {
        "model": "contenttypes.contenttype",
        "pk": 11,
        "fields": {
            "app_label": "forum_attachments",
            "model": "attachment"
        }
    },
    {
        "model": "contenttypes.contenttype",
        "pk": 12,
        "fields": {
            "app_label": "forum_polls",
            "model": "topicpoll"
        }
    },
    {
        "model": "contenttypes.contenttype",
        "pk": 13,
        "fields": {
            "app_label": "forum_polls",
            "model": "topicpolloption"
        }
    },
    {
        "model": "contenttypes.contenttype",
        "pk": 14,
        "fields": {
            "app_label": "forum_polls",
            "model": "topicpollvote"
        }
    },
    {
        "model": "contenttypes.contenttype",
        "pk": 15,
        "fields": {
            "app_label": "forum_tracking",
            "model": "forumreadtrack"
        }
    },
    {
        "model": "contenttypes.contenttype",
        "pk": 16,
        "fields": {
            "app_label": "forum_tracking",
            "model": "topicreadtrack"
        }
    },
    {
        "model": "contenttypes.contenttype",
        "pk": 17,
        "fields": {
            "app_label": "forum_member",
            "model": "forumprofile"
        }
    },
    {
        "model": "contenttypes.contenttype",
        "pk": 18,
        "fields": {
            "app_label": "forum_permission",
            "model": "forumpermission"
        }
    },
    {
        "model": "contenttypes.contenttype",
        "pk": 19,
        "fields": {
            "app_label": "forum_permission",
            "model": "groupforumpermission"
        }
    },
    {
        "model": "contenttypes.contenttype",
        "pk": 20,
        "fields": {
            "app_label": "forum_permission",
            "model": "userforumpermission"
        }
    },
    {
        "model": "sessions.session",
        "pk": "6vtj7sxx98jicjrjb0lvs9k8fz9gn9zy",
        "fields": {
            "session_data": ".eJxVjMsOgyAQRf-FdWNABoQuu-83kIEZq7VC4mNhmv57NXHj9p5z7lcEzCVvY1nn0JZpHcPAm7gLMKoFbWtP7MC2Hi3KBCRBG6utZ3Hby3XpwjrzFHraE3XdIqaB8wHojflVqlTyMvWxOpTqpHP1LMSfx-leDjqcu71mkqpOtdfRMqIkULWPLUXTMEu0UREaa7wDIw275KJzrMBriFI510jx-wMKd0lB:1r48e7:VXtUNrFhbCRUqGNDA5Heup5nlnnvibzuu_yjpsUOZLI",
            "expire_date": "2023-12-01T23:53:11.291Z"
        }
    },
    {
        "model": "sessions.session",
        "pk": "9yqwx7ebrxpw1vilsvfsblgu9fgci64v",
        "fields": {
            "session_data": ".eJxVjMsOgyAQRf-FdWMAAYcuu-83kBkZqrVC4mNhmv57NXHj9p5z7lcEzCVvY1nnkMq0jmHgTdwFmJqSMhqtBoNJIllGHWvwbB0lFre9XJcurDNPoY97oq4bYTtwPkB8Y36Vqi15mXqqDqU66Vw9S-TP43QvBx3O3V5zlEq32tfkGFFGo7SnFMk2zBIdqYjWWQ_GSsvQAgGwMr42JBVAI8XvD6kESiE:1r2eEl:XkuKYtBgw7vPiPs37Qy3aNhDgorkqApxwA_hPxRmZdM",
            "expire_date": "2023-11-27T21:12:51.512Z"
        }
    },
    {
        "model": "sites.site",
        "pk": 1,
        "fields": {
            "domain": "example.com",
            "name": "example.com"
        }
    },
    {
        "model": "admin.logentry",
        "pk": 1,
        "fields": {
            "action_time": "2023-11-17T23:27:48.169Z",
            "user": 1,
            "content_type": 8,
            "object_id": "8",
            "object_repr": "Forum #2",
            "action_flag": 3,
            "change_message": ""
        }
    },
    {
        "model": "admin.logentry",
        "pk": 2,
        "fields": {
            "action_time": "2023-11-17T23:27:50.137Z",
            "user": 1,
            "content_type": 8,
            "object_id": "7",
            "object_repr": "Forum #1",
            "action_flag": 3,
            "change_message": ""
        }
    },
    {
        "model": "admin.logentry",
        "pk": 3,
        "fields": {
            "action_time": "2023-11-17T23:27:53.057Z",
            "user": 1,
            "content_type": 8,
            "object_id": "6",
            "object_repr": "A simple link",
            "action_flag": 3,
            "change_message": ""
        }
    },
    {
        "model": "admin.logentry",
        "pk": 4,
        "fields": {
            "action_time": "2023-11-17T23:27:55.191Z",
            "user": 1,
            "content_type": 8,
            "object_id": "5",
            "object_repr": "Another forum",
            "action_flag": 3,
            "change_message": ""
        }
    },
    {
        "model": "admin.logentry",
        "pk": 5,
        "fields": {
            "action_time": "2023-11-17T23:27:57.072Z",
            "user": 1,
            "content_type": 8,
            "object_id": "4",
            "object_repr": "A simple sub forum 2",
            "action_flag": 3,
            "change_message": ""
        }
    },
    {
        "model": "admin.logentry",
        "pk": 6,
        "fields": {
            "action_time": "2023-11-17T23:27:59.802Z",
            "user": 1,
            "content_type": 8,
            "object_id": "3",
            "object_repr": "A simple sub forum 1",
            "action_flag": 3,
            "change_message": ""
        }
    },
    {
        "model": "admin.logentry",
        "pk": 7,
        "fields": {
            "action_time": "2023-11-17T23:28:04.853Z",
            "user": 1,
            "content_type": 8,
            "object_id": "2",
            "object_repr": "My first forum",
            "action_flag": 3,
            "change_message": ""
        }
    },
    {
        "model": "admin.logentry",
        "pk": 8,
        "fields": {
            "action_time": "2023-11-17T23:28:07.555Z",
            "user": 1,
            "content_type": 8,
            "object_id": "1",
            "object_repr": "My first category",
            "action_flag": 3,
            "change_message": ""
        }
    },
    {
        "model": "admin.logentry",
        "pk": 9,
        "fields": {
            "action_time": "2023-11-17T23:28:45.211Z",
            "user": 1,
            "content_type": 8,
            "object_id": "9",
            "object_repr": "General",
            "action_flag": 1,
            "change_message": "[{\"added\": {}}]"
        }
    },
    {
        "model": "admin.logentry",
        "pk": 10,
        "fields": {
            "action_time": "2023-11-17T23:28:56.946Z",
            "user": 1,
            "content_type": 8,
            "object_id": "10",
            "object_repr": "Games",
            "action_flag": 1,
            "change_message": "[{\"added\": {}}]"
        }
    },
    {
        "model": "admin.logentry",
        "pk": 11,
        "fields": {
            "action_time": "2023-11-17T23:29:57.347Z",
            "user": 1,
            "content_type": 8,
            "object_id": "11",
            "object_repr": "Tournaments",
            "action_flag": 1,
            "change_message": "[{\"added\": {}}]"
        }
    },
    {
        "model": "admin.logentry",
        "pk": 12,
        "fields": {
            "action_time": "2023-11-17T23:31:59.339Z",
            "user": 1,
            "content_type": 8,
            "object_id": "12",
            "object_repr": "Welcome",
            "action_flag": 1,
            "change_message": "[{\"added\": {}}]"
        }
    },
    {
        "model": "admin.logentry",
        "pk": 13,
        "fields": {
            "action_time": "2023-11-17T23:33:03.010Z",
            "user": 1,
            "content_type": 8,
            "object_id": "13",
            "object_repr": "Announcements",
            "action_flag": 1,
            "change_message": "[{\"added\": {}}]"
        }
    },
    {
        "model": "admin.logentry",
        "pk": 14,
        "fields": {
            "action_time": "2023-11-17T23:33:27.745Z",
            "user": 1,
            "content_type": 8,
            "object_id": "14",
            "object_repr": "Technical Help",
            "action_flag": 1,
            "change_message": "[{\"added\": {}}]"
        }
    },
    {
        "model": "admin.logentry",
        "pk": 15,
        "fields": {
            "action_time": "2023-11-17T23:33:39.884Z",
            "user": 1,
            "content_type": 8,
            "object_id": "15",
            "object_repr": "Random",
            "action_flag": 1,
            "change_message": "[{\"added\": {}}]"
        }
    },
    {
        "model": "admin.logentry",
        "pk": 16,
        "fields": {
            "action_time": "2023-11-17T23:35:05.215Z",
            "user": 1,
            "content_type": 8,
            "object_id": "16",
            "object_repr": "Tic Tac Toe",
            "action_flag": 1,
            "change_message": "[{\"added\": {}}]"
        }
    },
    {
        "model": "admin.logentry",
        "pk": 17,
        "fields": {
            "action_time": "2023-11-17T23:35:22.636Z",
            "user": 1,
            "content_type": 8,
            "object_id": "17",
            "object_repr": "Chess",
            "action_flag": 1,
            "change_message": "[{\"added\": {}}]"
        }
    },
    {
        "model": "admin.logentry",
        "pk": 18,
        "fields": {
            "action_time": "2023-11-17T23:35:32.198Z",
            "user": 1,
            "content_type": 8,
            "object_id": "18",
            "object_repr": "Battleship",
            "action_flag": 1,
            "change_message": "[{\"added\": {}}]"
        }
    },
    {
        "model": "admin.logentry",
        "pk": 19,
        "fields": {
            "action_time": "2023-11-17T23:35:42.575Z",
            "user": 1,
            "content_type": 8,
            "object_id": "19",
            "object_repr": "Checkers",
            "action_flag": 1,
            "change_message": "[{\"added\": {}}]"
        }
    },
    {
        "model": "admin.logentry",
        "pk": 20,
        "fields": {
            "action_time": "2023-11-17T23:36:26.057Z",
            "user": 1,
            "content_type": 8,
            "object_id": "20",
            "object_repr": "Connect Four",
            "action_flag": 1,
            "change_message": "[{\"added\": {}}]"
        }
    },
    {
        "model": "admin.logentry",
        "pk": 21,
        "fields": {
            "action_time": "2023-11-17T23:38:12.750Z",
            "user": 1,
            "content_type": 8,
            "object_id": "21",
            "object_repr": "Tac Tic Toe Turkey TIme Tournament",
            "action_flag": 1,
            "change_message": "[{\"added\": {}}]"
        }
    },
    {
        "model": "admin.logentry",
        "pk": 22,
        "fields": {
            "action_time": "2023-11-17T23:38:56.047Z",
            "user": 1,
            "content_type": 8,
            "object_id": "21",
            "object_repr": "The Tac Tic Toe Turkey TIme Tournament",
            "action_flag": 2,
            "change_message": "[{\"changed\": {\"fields\": [\"Name\", \"Description\"]}}]"
        }
    },
    {
        "model": "admin.logentry",
        "pk": 23,
        "fields": {
            "action_time": "2023-11-17T23:39:34.098Z",
            "user": 1,
            "content_type": 8,
            "object_id": "21",
            "object_repr": "The Tac Tic Toe Turkey Time Tournament",
            "action_flag": 2,
            "change_message": "[{\"changed\": {\"fields\": [\"Name\", \"Description\"]}}]"
        }
    },
    {
        "model": "admin.logentry",
        "pk": 24,
        "fields": {
            "action_time": "2023-11-17T23:40:06.140Z",
            "user": 1,
            "content_type": 8,
            "object_id": "21",
            "object_repr": "The Thanksgiving Tic Tac Toe Turkey Time Tournament",
            "action_flag": 2,
            "change_message": "[{\"changed\": {\"fields\": [\"Name\", \"Description\"]}}]"
        }
    },
    {
        "model": "forum.forum",
        "pk": 9,
        "fields": {
            "created": "2023-11-17T23:28:45.209Z",
            "updated": "2023-11-17T23:28:45.209Z",
            "parent": null,
            "name": "General",
            "slug": "general",
            "description": "",
            "image": "",
            "link": null,
            "link_redirects": false,
            "type": 1,
            "direct_posts_count": 0,
            "direct_topics_count": 0,
            "link_redirects_count": 0,
            "last_post": null,
            "last_post_on": null,
            "display_sub_forum_list": true,
            "_description_rendered": "<p></p>",
            "lft": 1,
            "rght": 10,
            "tree_id": 1,
            "level": 0
        }
    },
    {
        "model": "forum.forum",
        "pk": 10,
        "fields": {
            "created": "2023-11-17T23:28:56.943Z",
            "updated": "2023-11-17T23:28:56.943Z",
            "parent": null,
            "name": "Games",
            "slug": "games",
            "description": "",
            "image": "",
            "link": null,
            "link_redirects": false,
            "type": 1,
            "direct_posts_count": 0,
            "direct_topics_count": 0,
            "link_redirects_count": 0,
            "last_post": null,
            "last_post_on": null,
            "display_sub_forum_list": true,
            "_description_rendered": "<p></p>",
            "lft": 1,
            "rght": 12,
            "tree_id": 2,
            "level": 0
        }
    },
    {
        "model": "forum.forum",
        "pk": 11,
        "fields": {
            "created": "2023-11-17T23:29:57.345Z",
            "updated": "2023-11-17T23:29:57.345Z",
            "parent": null,
            "name": "Tournaments",
            "slug": "tournaments",
            "description": "",
            "image": "",
            "link": null,
            "link_redirects": false,
            "type": 1,
            "direct_posts_count": 0,
            "direct_topics_count": 0,
            "link_redirects_count": 0,
            "last_post": null,
            "last_post_on": null,
            "display_sub_forum_list": true,
            "_description_rendered": "<p></p>",
            "lft": 1,
            "rght": 4,
            "tree_id": 3,
            "level": 0
        }
    },
    {
        "model": "forum.forum",
        "pk": 12,
        "fields": {
            "created": "2023-11-17T23:31:59.336Z",
            "updated": "2023-11-17T23:31:59.336Z",
            "parent": 9,
            "name": "Welcome",
            "slug": "welcome",
            "description": "",
            "image": "",
            "link": null,
            "link_redirects": false,
            "type": 0,
            "direct_posts_count": 0,
            "direct_topics_count": 0,
            "link_redirects_count": 0,
            "last_post": null,
            "last_post_on": null,
            "display_sub_forum_list": true,
            "_description_rendered": "<p></p>",
            "lft": 2,
            "rght": 3,
            "tree_id": 1,
            "level": 1
        }
    },
    {
        "model": "forum.forum",
        "pk": 13,
        "fields": {
            "created": "2023-11-17T23:33:03.006Z",
            "updated": "2023-11-17T23:33:03.006Z",
            "parent": 9,
            "name": "Announcements",
            "slug": "announcements",
            "description": "",
            "image": "",
            "link": null,
            "link_redirects": false,
            "type": 0,
            "direct_posts_count": 0,
            "direct_topics_count": 0,
            "link_redirects_count": 0,
            "last_post": null,
            "last_post_on": null,
            "display_sub_forum_list": true,
            "_description_rendered": "<p></p>",
            "lft": 4,
            "rght": 5,
            "tree_id": 1,
            "level": 1
        }
    },
    {
        "model": "forum.forum",
        "pk": 14,
        "fields": {
            "created": "2023-11-17T23:33:27.744Z",
            "updated": "2023-11-17T23:33:27.744Z",
            "parent": 9,
            "name": "Technical Help",
            "slug": "technical-help",
            "description": "",
            "image": "",
            "link": null,
            "link_redirects": false,
            "type": 0,
            "direct_posts_count": 0,
            "direct_topics_count": 0,
            "link_redirects_count": 0,
            "last_post": null,
            "last_post_on": null,
            "display_sub_forum_list": true,
            "_description_rendered": "<p></p>",
            "lft": 6,
            "rght": 7,
            "tree_id": 1,
            "level": 1
        }
    },
    {
        "model": "forum.forum",
        "pk": 15,
        "fields": {
            "created": "2023-11-17T23:33:39.882Z",
            "updated": "2023-11-17T23:33:39.882Z",
            "parent": 9,
            "name": "Random",
            "slug": "random",
            "description": "",
            "image": "",
            "link": null,
            "link_redirects": false,
            "type": 0,
            "direct_posts_count": 0,
            "direct_topics_count": 0,
            "link_redirects_count": 0,
            "last_post": null,
            "last_post_on": null,
            "display_sub_forum_list": true,
            "_description_rendered": "<p></p>",
            "lft": 8,
            "rght": 9,
            "tree_id": 1,
            "level": 1
        }
    },
    {
        "model": "forum.forum",
        "pk": 16,
        "fields": {
            "created": "2023-11-17T23:35:05.213Z",
            "updated": "2023-11-17T23:54:12.366Z",
            "parent": 10,
            "name": "Tic Tac Toe",
            "slug": "tic-tac-toe",
            "description": "",
            "image": "",
            "link": null,
            "link_redirects": false,
            "type": 0,
            "direct_posts_count": 6,
            "direct_topics_count": 2,
            "link_redirects_count": 0,
            "last_post": 8,
            "last_post_on": "2023-11-17T23:54:00.930Z",
            "display_sub_forum_list": true,
            "_description_rendered": "<p></p>",
            "lft": 10,
            "rght": 11,
            "tree_id": 2,
            "level": 1
        }
    },
    {
        "model": "forum.forum",
        "pk": 17,
        "fields": {
            "created": "2023-11-17T23:35:22.635Z",
            "updated": "2023-11-17T23:36:31.972Z",
            "parent": 10,
            "name": "Chess",
            "slug": "chess",
            "description": "",
            "image": "",
            "link": null,
            "link_redirects": false,
            "type": 0,
            "direct_posts_count": 3,
            "direct_topics_count": 1,
            "link_redirects_count": 0,
            "last_post": null,
            "last_post_on": null,
            "display_sub_forum_list": true,
            "_description_rendered": "<p></p>",
            "lft": 6,
            "rght": 7,
            "tree_id": 2,
            "level": 1
        }
    },
    {
        "model": "forum.forum",
        "pk": 18,
        "fields": {
            "created": "2023-11-17T23:35:32.197Z",
            "updated": "2023-11-17T23:47:25.102Z",
            "parent": 10,
            "name": "Battleship",
            "slug": "battleship",
            "description": "",
            "image": "",
            "link": null,
            "link_redirects": false,
            "type": 0,
            "direct_posts_count": 0,
            "direct_topics_count": 0,
            "link_redirects_count": 0,
            "last_post": null,
            "last_post_on": null,
            "display_sub_forum_list": true,
            "_description_rendered": "<p></p>",
            "lft": 2,
            "rght": 3,
            "tree_id": 2,
            "level": 1
        }
    },
    {
        "model": "forum.forum",
        "pk": 19,
        "fields": {
            "created": "2023-11-17T23:35:42.573Z",
            "updated": "2023-11-17T23:35:42.573Z",
            "parent": 10,
            "name": "Checkers",
            "slug": "checkers",
            "description": "",
            "image": "",
            "link": null,
            "link_redirects": false,
            "type": 0,
            "direct_posts_count": 0,
            "direct_topics_count": 0,
            "link_redirects_count": 0,
            "last_post": null,
            "last_post_on": null,
            "display_sub_forum_list": true,
            "_description_rendered": "<p></p>",
            "lft": 4,
            "rght": 5,
            "tree_id": 2,
            "level": 1
        }
    },
    {
        "model": "forum.forum",
        "pk": 20,
        "fields": {
            "created": "2023-11-17T23:36:26.056Z",
            "updated": "2023-11-17T23:36:26.056Z",
            "parent": 10,
            "name": "Connect Four",
            "slug": "connect-four",
            "description": "",
            "image": "",
            "link": null,
            "link_redirects": false,
            "type": 0,
            "direct_posts_count": 3,
            "direct_topics_count": 1,
            "link_redirects_count": 0,
            "last_post": null,
            "last_post_on": null,
            "display_sub_forum_list": true,
            "_description_rendered": "<p></p>",
            "lft": 8,
            "rght": 9,
            "tree_id": 2,
            "level": 1
        }
    },
    {
        "model": "forum.forum",
        "pk": 21,
        "fields": {
            "created": "2023-11-17T23:38:12.748Z",
            "updated": "2023-11-17T23:40:06.136Z",
            "parent": 11,
            "name": "The Thanksgiving Tic Tac Toe Turkey Time Tournament",
            "slug": "the-thanksgiving-tic-tac-toe-turkey-time-tournament",
            "description": "",
            "image": "",
            "link": null,
            "link_redirects": false,
            "type": 0,
            "direct_posts_count": 3,
            "direct_topics_count": 1,
            "link_redirects_count": 0,
            "last_post": null,
            "last_post_on": null,
            "display_sub_forum_list": true,
            "_description_rendered": "<p></p>",
            "lft": 2,
            "rght": 3,
            "tree_id": 3,
            "level": 1
        }
    },
    {
        "model": "forum_conversation.topic",
        "pk": 6,
        "fields": {
            "forum": 16,
            "poster": 2,
            "subject": "HOW TO: Play Tic Tac Toe",
            "slug": "how-to-play-tic-tac-toe",
            "type": 1,
            "status": 0,
            "approved": true,
            "posts_count": 2,
            "views_count": 5,
            "last_post_on": "2023-11-17T23:54:00.930Z",
            "first_post": 7,
            "last_post": 8,
            "created": "2023-11-17T23:52:48.382Z",
            "updated": "2023-11-17T23:54:12.360Z",
            "subscribers": []
        }
    },
    {
        "model": "forum_conversation.post",
        "pk": 7,
        "fields": {
            "created": "2023-11-17T23:52:48.387Z",
            "updated": "2023-11-17T23:52:48.387Z",
            "topic": 6,
            "poster": 2,
            "anonymous_key": null,
            "subject": "HOW TO: Play Tic Tac Toe",
            "content": "Tic Tac Toe, also known as Noughts and Crosses, is a simple two-player game that's played on a 3x3 grid. Here's how you play it:\r\n\r\nObjective: The main goal is to be the first player to get three of your marks in a row, either horizontally, vertically, or diagonally.\r\n\r\nStarting the Game: Players decide who goes first. One player will play as 'X', and the other as 'O'.\r\n\r\nGameplay:\r\n\r\nPlayers take turns placing their mark ('X' or 'O') in any empty square on the grid.\r\nThe first player typically starts by placing an 'X' in one of the grid squares.\r\nThe second player then places an 'O' in an empty square.\r\nWinning the Game:\r\n\r\nA player wins if they manage to place three of their marks in a horizontal, vertical, or diagonal row.\r\nThe game ends immediately when one player wins.\r\nDraw: If all nine squares are filled and neither player has three in a row, the game is a draw.\r\n\r\nStrategy:\r\n\r\nPlayers often begin by trying to take the center square, as it offers the most opportunities to create a row of three.\r\nBlocking: If the opponent has two in a row, the other player must block them in the next turn to prevent them from winning.\r\nReplay: After a game is completed, players can start a new game, often switching who goes first.\r\n\r\nTic Tac Toe is a great game for teaching basic strategy and pattern recognition to children, and it's also a quick and easy game for adults. The game often ends in a draw with experienced players, as they can easily block each other's attempts to create a row of three.",
            "username": null,
            "approved": true,
            "enable_signature": true,
            "update_reason": null,
            "updated_by": null,
            "updates_count": 0,
            "_content_rendered": "<p>Tic Tac Toe, also known as Noughts and Crosses, is a simple two-player game that's played on a 3x3 grid. Here's how you play it:</p>\n\n<p>Objective: The main goal is to be the first player to get three of your marks in a row, either horizontally, vertically, or diagonally.</p>\n\n<p>Starting the Game: Players decide who goes first. One player will play as 'X', and the other as 'O'.</p>\n\n<p>Gameplay:</p>\n\n<p>Players take turns placing their mark ('X' or 'O') in any empty square on the grid.<br />\nThe first player typically starts by placing an 'X' in one of the grid squares.<br />\nThe second player then places an 'O' in an empty square.<br />\nWinning the Game:</p>\n\n<p>A player wins if they manage to place three of their marks in a horizontal, vertical, or diagonal row.<br />\nThe game ends immediately when one player wins.<br />\nDraw: If all nine squares are filled and neither player has three in a row, the game is a draw.</p>\n\n<p>Strategy:</p>\n\n<p>Players often begin by trying to take the center square, as it offers the most opportunities to create a row of three.<br />\nBlocking: If the opponent has two in a row, the other player must block them in the next turn to prevent them from winning.<br />\nReplay: After a game is completed, players can start a new game, often switching who goes first.</p>\n\n<p>Tic Tac Toe is a great game for teaching basic strategy and pattern recognition to children, and it's also a quick and easy game for adults. The game often ends in a draw with experienced players, as they can easily block each other's attempts to create a row of three.</p>"
        }
    },
    {
        "model": "forum_conversation.post",
        "pk": 8,
        "fields": {
            "created": "2023-11-17T23:54:00.930Z",
            "updated": "2023-11-17T23:54:12.352Z",
            "topic": 6,
            "poster": 1,
            "anonymous_key": null,
            "subject": "Re: HOW TO: Play Tic Tac Toe",
            "content": "Great job SirSquirrel! I've stickied this post so everyone can see it.",
            "username": null,
            "approved": true,
            "enable_signature": true,
            "update_reason": null,
            "updated_by": 1,
            "updates_count": 1,
            "_content_rendered": "<p>Great job SirSquirrel! I've stickied this post so everyone can see it.</p>"
        }
    },
    {
        "model": "forum_tracking.forumreadtrack",
        "pk": 1,
        "fields": {
            "user": 2,
            "forum": 18,
            "mark_time": "2023-11-17T23:46:13.057Z"
        }
    },
    {
        "model": "forum_tracking.forumreadtrack",
        "pk": 2,
        "fields": {
            "user": 2,
            "forum": 10,
            "mark_time": "2023-11-17T23:52:48.449Z"
        }
    },
    {
        "model": "forum_tracking.forumreadtrack",
        "pk": 3,
        "fields": {
            "user": 1,
            "forum": 18,
            "mark_time": "2023-11-17T23:46:44.677Z"
        }
    },
    {
        "model": "forum_tracking.forumreadtrack",
        "pk": 4,
        "fields": {
            "user": 1,
            "forum": 10,
            "mark_time": "2023-11-17T23:54:01.000Z"
        }
    },
    {
        "model": "forum_tracking.forumreadtrack",
        "pk": 5,
        "fields": {
            "user": 2,
            "forum": 16,
            "mark_time": "2023-11-17T23:52:48.445Z"
        }
    },
    {
        "model": "forum_tracking.forumreadtrack",
        "pk": 6,
        "fields": {
            "user": 1,
            "forum": 16,
            "mark_time": "2023-11-17T23:54:00.997Z"
        }
    },
    {
        "model": "forum_member.forumprofile",
        "pk": 1,
        "fields": {
            "user": 1,
            "avatar": "",
            "signature": null,
            "posts_count": 1,
            "_signature_rendered": null
        }
    },
    {
        "model": "forum_member.forumprofile",
        "pk": 2,
        "fields": {
            "user": 2,
            "avatar": "",
            "signature": null,
            "posts_count": 1,
            "_signature_rendered": null
        }
    },
    {
        "model": "forum_permission.forumpermission",
        "pk": 1,
        "fields": {
            "codename": "can_see_forum"
        }
    },
    {
        "model": "forum_permission.forumpermission",
        "pk": 2,
        "fields": {
            "codename": "can_read_forum"
        }
    },
    {
        "model": "forum_permission.forumpermission",
        "pk": 3,
        "fields": {
            "codename": "can_start_new_topics"
        }
    },
    {
        "model": "forum_permission.forumpermission",
        "pk": 4,
        "fields": {
            "codename": "can_reply_to_topics"
        }
    },
    {
        "model": "forum_permission.forumpermission",
        "pk": 5,
        "fields": {
            "codename": "can_post_announcements"
        }
    },
    {
        "model": "forum_permission.forumpermission",
        "pk": 6,
        "fields": {
            "codename": "can_post_stickies"
        }
    },
    {
        "model": "forum_permission.forumpermission",
        "pk": 7,
        "fields": {
            "codename": "can_delete_own_posts"
        }
    },
    {
        "model": "forum_permission.forumpermission",
        "pk": 8,
        "fields": {
            "codename": "can_edit_own_posts"
        }
    },
    {
        "model": "forum_permission.forumpermission",
        "pk": 9,
        "fields": {
            "codename": "can_post_without_approval"
        }
    },
    {
        "model": "forum_permission.forumpermission",
        "pk": 10,
        "fields": {
            "codename": "can_create_polls"
        }
    },
    {
        "model": "forum_permission.forumpermission",
        "pk": 11,
        "fields": {
            "codename": "can_vote_in_polls"
        }
    },
    {
        "model": "forum_permission.forumpermission",
        "pk": 12,
        "fields": {
            "codename": "can_attach_file"
        }
    },
    {
        "model": "forum_permission.forumpermission",
        "pk": 13,
        "fields": {
            "codename": "can_download_file"
        }
    },
    {
        "model": "forum_permission.forumpermission",
        "pk": 14,
        "fields": {
            "codename": "can_lock_topics"
        }
    },
    {
        "model": "forum_permission.forumpermission",
        "pk": 15,
        "fields": {
            "codename": "can_move_topics"
        }
    },
    {
        "model": "forum_permission.forumpermission",
        "pk": 16,
        "fields": {
            "codename": "can_edit_posts"
        }
    },
    {
        "model": "forum_permission.forumpermission",
        "pk": 17,
        "fields": {
            "codename": "can_delete_posts"
        }
    },
    {
        "model": "forum_permission.forumpermission",
        "pk": 18,
        "fields": {
            "codename": "can_approve_posts"
        }
    },
    {
        "model": "forum_permission.forumpermission",
        "pk": 19,
        "fields": {
            "codename": "can_reply_to_locked_topics"
        }
    },
    {
        "model": "auth.user",
        "pk": 3,
        "fields": {
            "password": "pbkdf2_sha256$600000$aRandomHash3$SomeRandomEncryptedPassword3=",
            "last_login": "2023-11-18T10:00:00.000Z",
            "is_superuser": false,
            "username": "BoardGameMaster",
            "first_name": "Game",
            "last_name": "Master",
            "email": "game.master@example.com",
            "is_staff": false,
            "is_active": true,
            "date_joined": "2023-11-15T08:20:00.000Z",
            "groups": [],
            "user_permissions": []
        }
    },
    {
        "model": "auth.user",
        "pk": 4,
        "fields": {
            "password": "pbkdf2_sha256$600000$aRandomHash4$SomeRandomEncryptedPassword4=",
            "last_login": "2023-11-18T11:30:00.000Z",
            "is_superuser": false,
            "username": "ChessChampion",
            "first_name": "Chess",
            "last_name": "Champion",
            "email": "chess.champion@example.com",
            "is_staff": false,
            "is_active": true,
            "date_joined": "2023-11-14T09:45:00.000Z",
            "groups": [],
            "user_permissions": []
        }
    },
    {
        "model": "forum_member.forumprofile",
        "pk": 3,
        "fields": {
            "user": 3,
            "avatar": "",
            "signature": "Master of Board Games",
            "posts_count": 5,
            "_signature_rendered": "<p>Master of Board Games</p>"
        }
    },
    {
        "model": "forum_member.forumprofile",
        "pk": 4,
        "fields": {
            "user": 4,
            "avatar": "",
            "signature": "Chess is not just a game, it's a world",
            "posts_count": 8,
            "_signature_rendered": "<p>Chess is not just a game, it's a world</p>"
        }
    },
    {
        "model": "forum_conversation.topic",
        "pk": 7,
        "fields": {
            "forum": 17,
            "poster": 3,
            "subject": "Strategies for Advanced Chess Players",
            "slug": "strategies-advanced-chess",
            "type": 1,
            "status": 0,
            "approved": true,
            "posts_count": 3,
            "views_count": 15,
            "last_post_on": "2023-11-18T12:00:00.000Z",
            "first_post": 9,
            "last_post": 11,
            "created": "2023-11-18T10:30:00.000Z",
            "updated": "2023-11-18T12:00:00.000Z",
            "subscribers": []
        }
    },
    {
        "model": "forum_conversation.post",
        "pk": 9,
        "fields": {
            "created": "2023-11-18T10:30:00.000Z",
            "updated": "2023-11-18T10:30:00.000Z",
            "topic": 7,
            "poster": 3,
            "anonymous_key": null,
            "subject": "Strategies for Advanced Chess Players",
            "content": "Exploring deep strategies for chess. Let's discuss openings, mid-game tactics, and endgame techniques.",
            "username": null,
            "approved": true,
            "enable_signature": true,
            "update_reason": null,
            "updated_by": null,
            "updates_count": 0,
            "_content_rendered": "<p>Exploring deep strategies for chess. Let's discuss openings, mid-game tactics, and endgame techniques.</p>"
        }
    },
    {
        "model": "forum_conversation.post",
        "pk": 10,
        "fields": {
            "created": "2023-11-18T11:00:00.000Z",
            "updated": "2023-11-18T11:00:00.000Z",
            "topic": 7,
            "poster": 4,
            "anonymous_key": null,
            "subject": "Re: Strategies for Advanced Chess Players",
            "content": "Great topic! I've found that focusing on pawn structure early in the game can really set you up for a strong mid-game.",
            "username": null,
            "approved": true,
            "enable_signature": true,
            "update_reason": null,
            "updated_by": null,
            "updates_count": 0,
            "_content_rendered": "<p>Great topic! I've found that focusing on pawn structure early in the game can really set you up for a strong mid-game.</p>"
        }
    },
    {
        "model": "forum_conversation.post",
        "pk": 11,
        "fields": {
            "created": "2023-11-18T12:00:00.000Z",
            "updated": "2023-11-18T12:00:00.000Z",
            "topic": 7,
            "poster": 3,
            "anonymous_key": null,
            "subject": "Re: Strategies for Advanced Chess Players",
            "content": "Absolutely, the pawn structure is crucial. Also, don't underestimate the power of controlling the center of the board.",
            "username": null,
            "approved": true,
            "enable_signature": true,
            "update_reason": null,
            "updated_by": null,
            "updates_count": 0,
            "_content_rendered": "<p>Absolutely, the pawn structure is crucial. Also, don't underestimate the power of controlling the center of the board.</p>"
        }
    },
    {
        "model": "forum_conversation.topic",
        "pk": 8,
        "fields": {
            "forum": 16,
            "poster": 2,
            "subject": "Beginner's Guide to Tic Tac Toe",
            "slug": "beginners-guide-tic-tac-toe",
            "type": 1,
            "status": 0,
            "approved": true,
            "posts_count": 4,
            "views_count": 30,
            "last_post_on": "2023-11-18T15:00:00.000Z",
            "first_post": 12,
            "last_post": 15,
            "created": "2023-11-18T13:30:00.000Z",
            "updated": "2023-11-18T15:00:00.000Z",
            "subscribers": []
        }
    },
    {
        "model": "forum_conversation.post",
        "pk": 12,
        "fields": {
            "created": "2023-11-18T13:30:00.000Z",
            "updated": "2023-11-18T13:30:00.000Z",
            "topic": 8,
            "poster": 2,
            "anonymous_key": null,
            "subject": "Beginner's Guide to Tic Tac Toe",
            "content": "Welcome to the world of Tic Tac Toe! This classic game is easy to learn but offers endless fun.",
            "username": null,
            "approved": true,
            "enable_signature": true,
            "update_reason": null,
            "updated_by": null,
            "updates_count": 0,
            "_content_rendered": "<p>Welcome to the world of Tic Tac Toe! This classic game is easy to learn but offers endless fun.</p>"
        }
    },
    {
        "model": "forum_conversation.post",
        "pk": 13,
        "fields": {
            "created": "2023-11-18T14:00:00.000Z",
            "updated": "2023-11-18T14:00:00.000Z",
            "topic": 8,
            "poster": 4,
            "anonymous_key": null,
            "subject": "Re: Beginner's Guide to Tic Tac Toe",
            "content": "It's a great game for all ages. I used to play it a lot as a kid. Brings back memories!",
            "username": null,
            "approved": true,
            "enable_signature": true,
            "update_reason": null,
            "updated_by": null,
            "updates_count": 0,
            "_content_rendered": "<p>It's a great game for all ages. I used to play it a lot as a kid. Brings back memories!</p>"
        }
    },
    {
        "model": "forum_conversation.post",
        "pk": 14,
        "fields": {
            "created": "2023-11-18T14:30:00.000Z",
            "updated": "2023-11-18T14:30:00.000Z",
            "topic": 8,
            "poster": 3,
            "anonymous_key": null,
            "subject": "Re: Beginner's Guide to Tic Tac Toe",
            "content": "Does anyone have tips for winning? I always end up in a draw.",
            "username": null,
            "approved": true,
            "enable_signature": true,
            "update_reason": null,
            "updated_by": null,
            "updates_count": 0,
            "_content_rendered": "<p>Does anyone have tips for winning? I always end up in a draw.</p>"
        }
    },
    {
        "model": "forum_conversation.post",
        "pk": 15,
        "fields": {
            "created": "2023-11-18T15:00:00.000Z",
            "updated": "2023-11-18T15:00:00.000Z",
            "topic": 8,
            "poster": 2,
            "anonymous_key": null,
            "subject": "Re: Beginner's Guide to Tic Tac Toe",
            "content": "Try to control the center and corners. They give you more chances to create a winning line.",
            "username": null,
            "approved": true,
            "enable_signature": true,
            "update_reason": null,
            "updated_by": null,
            "updates_count": 0,
            "_content_rendered": "<p>Try to control the center and corners. They give you more chances to create a winning line.</p>"
        }
    },
    {
        "model": "forum_conversation.topic",
        "pk": 9,
        "fields": {
            "forum": 20,
            "poster": 3,
            "subject": "All About Strategy in Connect Four",
            "slug": "strategy-connect-four",
            "type": 1,
            "status": 0,
            "approved": true,
            "posts_count": 3,
            "views_count": 45,
            "last_post_on": "2023-11-19T08:00:00.000Z",
            "first_post": 16,
            "last_post": 18,
            "created": "2023-11-18T18:00:00.000Z",
            "updated": "2023-11-19T08:00:00.000Z",
            "subscribers": []
        }
    },
    {
        "model": "forum_conversation.post",
        "pk": 16,
        "fields": {
            "created": "2023-11-18T18:00:00.000Z",
            "updated": "2023-11-18T18:00:00.000Z",
            "topic": 9,
            "poster": 3,
            "anonymous_key": null,
            "subject": "All About Strategy in Connect Four",
            "content": "Let's talk about advanced strategies in Connect Four. Do you prefer offensive or defensive play?",
            "username": null,
            "approved": true,
            "enable_signature": true,
            "update_reason": null,
            "updated_by": null,
            "updates_count": 0,
            "_content_rendered": "<p>Let's talk about advanced strategies in Connect Four. Do you prefer offensive or defensive play?</p>"
        }
    },
    {
        "model": "forum_conversation.post",
        "pk": 17,
        "fields": {
            "created": "2023-11-18T19:00:00.000Z",
            "updated": "2023-11-18T19:00:00.000Z",
            "topic": 9,
            "poster": 4,
            "anonymous_key": null,
            "subject": "Re: All About Strategy in Connect Four",
            "content": "I always start with a defensive strategy, but it's important to switch tactics based on your opponent's moves.",
            "username": null,
            "approved": true,
            "enable_signature": true,
            "update_reason": null,
            "updated_by": null,
            "updates_count": 0,
            "_content_rendered": "<p>I always start with a defensive strategy, but it's important to switch tactics based on your opponent's moves.</p>"
        }
    },
    {
        "model": "forum_conversation.post",
        "pk": 18,
        "fields": {
            "created": "2023-11-19T08:00:00.000Z",
            "updated": "2023-11-19T08:00:00.000Z",
            "topic": 9,
            "poster": 2,
            "anonymous_key": null,
            "subject": "Re: All About Strategy in Connect Four",
            "content": "Offensive play can be really rewarding if you're good at predicting moves. It's all about controlling the center.",
            "username": null,
            "approved": true,
            "enable_signature": true,
            "update_reason": null,
            "updated_by": null,
            "updates_count": 0,
            "_content_rendered": "<p>Offensive play can be really rewarding if you're good at predicting moves. It's all about controlling the center.</p>"
        }
    },
    {
        "model": "forum_conversation.topic",
        "pk": 10,
        "fields": {
            "forum": 21,
            "poster": 4,
            "subject": "Epic Match in the Thanksgiving Tournament",
            "slug": "epic-match-thanksgiving-tournament",
            "type": 1,
            "status": 0,
            "approved": true,
            "posts_count": 3,
            "views_count": 50,
            "last_post_on": "2023-11-19T12:00:00.000Z",
            "first_post": 19,
            "last_post": 21,
            "created": "2023-11-19T09:00:00.000Z",
            "updated": "2023-11-19T12:00:00.000Z",
            "subscribers": []
        }
    },
    {
        "model": "forum_conversation.post",
        "pk": 19,
        "fields": {
            "created": "2023-11-19T09:00:00.000Z",
            "updated": "2023-11-19T09:00:00.000Z",
            "topic": 10,
            "poster": 4,
            "anonymous_key": null,
            "subject": "Epic Match in the Thanksgiving Tournament",
            "content": "Just witnessed an amazing match in the Thanksgiving Tic Tac Toe Tournament. It was a nail-biter with a surprising finish!",
            "username": null,
            "approved": true,
            "enable_signature": true,
            "update_reason": null,
            "updated_by": null,
            "updates_count": 0,
            "_content_rendered": "<p>Just witnessed an amazing match in the Thanksgiving Tic Tac Toe Tournament. It was a nail-biter with a surprising finish!</p>"
        }
    },
    {
        "model": "forum_conversation.post",
        "pk": 20,
        "fields": {
            "created": "2023-11-19T10:30:00.000Z",
            "updated": "2023-11-19T10:30:00.000Z",
            "topic": 10,
            "poster": 3,
            "anonymous_key": null,
            "subject": "Re: Epic Match in the Thanksgiving Tournament",
            "content": "I saw that too! The last-minute move was unexpected. Really shows how strategic Tic Tac Toe can be.",
            "username": null,
            "approved": true,
            "enable_signature": true,
            "update_reason": null,
            "updated_by": null,
            "updates_count": 0,
            "_content_rendered": "<p>I saw that too! The last-minute move was unexpected. Really shows how strategic Tic Tac Toe can be.</p>"
        }
    },
    {
        "model": "forum_conversation.post",
        "pk": 21,
        "fields": {
            "created": "2023-11-19T12:00:00.000Z",
            "updated": "2023-11-19T12:00:00.000Z",
            "topic": 10,
            "poster": 2,
            "anonymous_key": null,
            "subject": "Re: Epic Match in the Thanksgiving Tournament",
            "content": "Absolutely thrilling! Both players were fantastic. Looking forward to more matches like this.",
            "username": null,
            "approved": true,
            "enable_signature": true,
            "update_reason": null,
            "updated_by": null,
            "updates_count": 0,
            "_content_rendered": "<p>Absolutely thrilling! Both players were fantastic. Looking forward to more matches like this.</p>"
        }
    }
]
